class,count,percentage
Despejado,58,15.104166666666666
Nublado,322,83.85416666666666
Emisiones,4,1.0416666666666665
